id,status,added_files,total_changes,deleted_files,modified_files,build_correction_intervals,total_builds,success_builds,failed_builds,ci_latency,time_between_first_and_last_comment,reviews_number,first_response_time,total_jobs,success_jobs,failed_jobs,mention_number,review_time,participants_number,source_code_added_lines,source_code_removed_lines,test_code_added_lines,test_code_removed_lines,total_comments,general_comments,inline_comments,effective_comments,average_time_between_comments,tests_run,tests_fail,tests_error,skipped_tests,self_merged_commits
4084,merged,0,5,0,5,0.0,2,0,2,79.47,5.992310449541053e+307,0,5.992310449541053e+307,4,0,2,0,138991,2,41,43,0,0,0,0,0,0,0.0,76,14,0,0,0
4081,merged,1,7,0,6,0.0,1,0,1,-56313,5.992310449541053e+307,0,5.992310449541053e+307,2,0,1,0,121619,2,100,40,0,0,0,0,0,0,0.0,38,4,0,0,0
4044,merged,0,1,0,1,0.0,1,0,1,-4950099,5.992310449541053e+307,0,5.992310449541053e+307,2,0,1,0,355389,2,117,25,0,0,0,0,0,0,0.0,20,0,20,0,0
4099,merged,0,11,0,11,0.0,1,1,0,-179634,5.992310449541053e+307,0,5.992310449541053e+307,2,2,0,0,7387,2,363,317,0,0,0,0,0,0,0.0,53,0,0,0,0
4078,merged,0,8,0,8,0.0,1,0,1,-58181,5.992310449541053e+307,0,5.992310449541053e+307,2,0,1,0,1029775,2,156,165,0,0,0,0,0,0,0.0,38,4,0,0,0
4088,merged,2,10,0,8,0.0,1,0,1,-215285,5.992310449541053e+307,0,5.992310449541053e+307,2,0,1,0,215478,2,129,56,0,0,0,0,0,0,0.0,38,10,0,0,0
4040,merged,0,2,0,2,0.0,1,0,1,-9338213,5.992310449541053e+307,0,5.992310449541053e+307,2,2,0,0,83854715,2,24,4,0,0,0,0,0,0,0.0,38,0,0,0,0
4219,merged,0,5,0,5,85746,4,3,1,4259743,5.992310449541053e+307,0,5.992310449541053e+307,8,6,1,0,79629991,2,119,15,0,0,0,0,0,0,0.0,159,0,0,0,0
4098,merged,0,1,0,1,0.0,1,1,0,-125743,5.992310449541053e+307,0,5.992310449541053e+307,2,2,0,0,35323,2,7,0,0,0,0,0,0,0,0.0,53,0,0,0,0
4213,merged,0,10,0,10,0.0,4,4,0,41914,5.992310449541053e+307,0,5.992310449541053e+307,8,8,0,0,2027003,2,116,50,0,0,0,0,0,0,0.0,212,0,0,0,0
4089,merged,0,3,0,3,0.0,1,0,1,-53849,5.992310449541053e+307,0,5.992310449541053e+307,2,2,0,0,14698,2,114,10,114,10,0,0,0,0,0.0,45,0,0,0,0
4805,merged,0,1,0,1,0.0,1,0,1,-7121,5.992310449541053e+307,0,5.992310449541053e+307,2,2,0,0,11578,1,0,0,0,0,0,0,0,0,0.0,49,0,0,0,1
4086,merged,0,1,0,1,0.0,1,0,1,-230759,5.992310449541053e+307,0,5.992310449541053e+307,2,2,0,0,3957459,2,15,15,15,15,0,0,0,0,0.0,38,0,0,0,0
4804,merged,0,3,0,3,0.0,1,0,1,-26702,5.992310449541053e+307,0,5.992310449541053e+307,2,0,1,0,14.61,1,3,3,3,3,0,0,0,0,0.0,49,0,0,0,1
4383,merged,4,23,0,19,0.0,1,0,1,-199651,5.992310449541053e+307,0,5.992310449541053e+307,2,0,1,0,147937153,2,923,568,26,0,0,0,0,0,0.0,0,0,0,0,0
4513,merged,0,23,0,23,0.0,1,0,1,-1660457,5.992310449541053e+307,0,5.992310449541053e+307,2,2,0,0,518336951,2,332,427,88,50,0,0,0,0,0.0,60,0,0,0,0
4806,merged,0,1,0,1,0.0,1,0,1,-96472,5.992310449541053e+307,0,5.992310449541053e+307,2,2,0,0,24251,1,1,1,0,0,0,0,0,0,0.0,49,0,0,0,1
4422,merged,0,6,0,6,0.0,1,0,1,-495279,5.992310449541053e+307,0,5.992310449541053e+307,2,2,0,0,264198554,2,316,275,0,0,0,0,0,0,0.0,54,0,0,0,0
4090,merged,0,2,0,2,0.0,1,0,1,-32479,5.992310449541053e+307,0,5.992310449541053e+307,2,2,0,0,77486.89,2,117,0,117,0,0,0,0,0,0.0,53,0,0,0,0
